Workbook
Name Slicer_Call_Center: #N/A
Name Slicer_Channel: #N/A
Name Slicer_Reason: #N/A
Name Slicer_Sentiment_Group: #N/A
Name Slicer_SLA_Status: #N/A

Sheet Call Center Data
B2: Excel Sample Data
B4: Call Center Sentiment Analysis Data
B6: ID | C6: Customer Name | D6: Sentiment | E6: CSAT Score | F6: Call Timestamp | G6: Reason | H6: City | I6: State | J6: Channel | K6: Response Time | L6: Call Duration (Minutes) | M6: Call Center
B7: PIS-39858047 | C7: Frances Gullefant | D7: Neutral | E7: 8 | F7: 45292 | G7: Billing Question | H7: Charleston | I7: West Virginia | J7: Chatbot | K7: Within SLA | L7: 14 | M7: Chicago/IL
B8: ROH-40287216 | C8: Harcourt Zoanetti | D8: Negative | E8: 5 | F8: 45292 | G8: Billing Question | H8: Honolulu | I8: Hawaii | J8: Call-Center | K8: Within SLA | L8: 32 | M8: Los Angeles/CA
B9: NKC-39578431 | C9: Washington Oxteby | D9: Negative | E9: 3 | F9: 45293 | G9: Billing Question | H9: Dallas | I9: Texas | J9: Chatbot | K9: Within SLA | L9: 6 | M9: Denver/CO
B10: APY-17008648 | C10: Rafe Duffitt | D10: Very Negative | E10: 4 | F10: 45293 | G10: Billing Question | H10: Fort Myers | I10: Florida | J10: Email | K10: Below SLA | L10: 26 | M10: Los Angeles/CA
B11: MHK-38443501 | C11: Tris Bent | D11: Positive | E11: 8 | F11: 45293 | G11: Billing Question | H11: Tuscaloosa | I11: Alabama | J11: Web | K11: Within SLA | L11: 26 | M11: Los Angeles/CA
B12: QKL-49133006 | C12: Kassie Elman | D12: Very Negative | E12: 4 | F12: 45294 | G12: Billing Question | H12: Charleston | I12: South Carolina | J12: Web | K12: Within SLA | L12: 6 | M12: Baltimore/MD
B13: ZPZ-31710059 | C13: Elbertina Hewins | D13: Very Positive | E13: 10 | F13: 45294 | G13: Payments | H13: Pensacola | I13: Florida | J13: Call-Center | K13: Within SLA | L13: 9 | M13: Los Angeles/CA
B14: IJF-13083880 | C14: Garland Chuney | D14: Negative | E14: 3 | F14: 45295 | G14: Billing Question | H14: Little Rock | I14: Arkansas | J14: Call-Center | K14: Within SLA | L14: 15 | M14: Baltimore/MD
B15: ZKW-68562847 | C15: Caroljean Bischop | D15: Negative | E15: 3 | F15: 45295 | G15: Billing Question | H15: Nashville | I15: Tennessee | J15: Web | K15: Within SLA | L15: 12 | M15: Los Angeles/CA
B16: NIL-47926257 | C16: Delmor McKleod | D16: Negative | E16: 6 | F16: 45296 | G16: Billing Question | H16: El Paso | I16: Texas | J16: Web | K16: Within SLA | L16: 42 | M16: Los Angeles/CA
B17: BPQ-80812775 | C17: Julee O'Gavin | D17: Negative | E17: 3 | F17: 45296 | G17: Billing Question | H17: Santa Ana | I17: California | J17: Chatbot | K17: Above SLA | L17: 44 | M17: Baltimore/MD
B18: ZOK-34480332 | C18: Jaye Gribbon | D18: Neutral | E18: 7 | F18: 45297 | G18: Billing Question | H18: Huntington | I18: West Virginia | J18: Chatbot | K18: Within SLA | L18: 29 | M18: Baltimore/MD
... B76: CRQ-64410572 | C76: Bat Pond | D76: Negative | E76: 5 | F76: 45322 | G76: Service Outage | H76: New York City | I76: New York | J76: Chatbot | K76: Below SLA | L76: 35 | M76: Los Angeles/CA

Sheet Clean_Data
H2: Clean Sample Data
G4: Call Center Sentiment Analysis Data
A6: ID | B6: Customer Name | C6: Sentiment | D6: CSAT Score | E6: Call Timestamp | F6: Reason | G6: City | H6: State | I6: Channel | J6: Response Time | K6: Call Duration (Minutes) | L6: Call Center | M6: Month | N6: Sentiment Group | O6: CSAT Category | P6: Call Duration Category | Q6: SLA Status
A7: PIS-39858047 | B7: Frances Gullefant | C7: Neutral | D7: 8 | E7: 45292 | F7: Billing Question | G7: Charleston | H7: West Virginia | I7: Chatbot | J7: Within SLA | K7: 14 | L7: Chicago/IL | M7: =TEXT(E7,"mmm") -> Jan | N7: =IF(OR(C7="Positive",C7="Very Positive"),"Positive",IF(OR(C7="Negative",C7="Very Negative"),"Negative","Neutral")) -> Neutral | O7: =IF(D7<=4,"Low", IF(D7<=7,"Medium","High")) -> High | P7: =IF(K7<=15,"Short", IF(K7<=30,"Medium","Long")) -> Short | Q7: =IF(J7="Within SLA","Within SLA","Above SLA") -> Within SLA
A8: ROH-40287216 | B8: Harcourt Zoanetti | C8: Negative | D8: 5 | E8: 45292 | F8: Billing Question | G8: Honolulu | H8: Hawaii | I8: Call-Center | J8: Within SLA | K8: 32 | L8: Los Angeles/CA | M8: =TEXT(E8,"mmm") -> Jan | N8: =IF(OR(C8="Positive",C8="Very Positive"),"Positive",IF(OR(C8="Negative",C8="Very Negative"),"Negative","Neutral")) -> Negative | O8: =IF(D8<=4,"Low", IF(D8<=7,"Medium","High")) -> Medium | P8: =IF(K8<=15,"Short", IF(K8<=30,"Medium","Long")) -> Long | Q8: =IF(J8="Within SLA","Within SLA","Above SLA") -> Within SLA
A9: NKC-39578431 | B9: Washington Oxteby | C9: Negative | D9: 3 | E9: 45293 | F9: Billing Question | G9: Dallas | H9: Texas | I9: Chatbot | J9: Within SLA | K9: 6 | L9: Denver/CO | M9: =TEXT(E9,"mmm") -> Jan | N9: =IF(OR(C9="Positive",C9="Very Positive"),"Positive",IF(OR(C9="Negative",C9="Very Negative"),"Negative","Neutral")) -> Negative | O9: =IF(D9<=4,"Low", IF(D9<=7,"Medium","High")) -> Low | P9: =IF(K9<=15,"Short", IF(K9<=30,"Medium","Long")) -> Short | Q9: =IF(J9="Within SLA","Within SLA","Above SLA") -> Within SLA
A10: APY-17008648 | B10: Rafe Duffitt | C10: Very Negative | D10: 4 | E10: 45293 | F10: Billing Question | G10: Fort Myers | H10: Florida | I10: Email | J10: Below SLA | K10: 26 | L10: Los Angeles/CA | M10: =TEXT(E10,"mmm") -> Jan | N10: =IF(OR(C10="Positive",C10="Very Positive"),"Positive",IF(OR(C10="Negative",C10="Very Negative"),"Negative","Neutral")) -> Negative | O10: =IF(D10<=4,"Low", IF(D10<=7,"Medium","High")) -> Low | P10: =IF(K10<=15,"Short", IF(K10<=30,"Medium","Long")) -> Medium | Q10: =IF(J10="Within SLA","Within SLA","Above SLA") -> Above SLA
A11: MHK-38443501 | B11: Tris Bent | C11: Positive | D11: 8 | E11: 45293 | F11: Billing Question | G11: Tuscaloosa | H11: Alabama | I11: Web | J11: Within SLA | K11: 26 | L11: Los Angeles/CA | M11: =TEXT(E11,"mmm") -> Jan | N11: =IF(OR(C11="Positive",C11="Very Positive"),"Positive",IF(OR(C11="Negative",C11="Very Negative"),"Negative","Neutral")) -> Positive | O11: =IF(D11<=4,"Low", IF(D11<=7,"Medium","High")) -> High | P11: =IF(K11<=15,"Short", IF(K11<=30,"Medium","Long")) -> Medium | Q11: =IF(J11="Within SLA","Within SLA","Above SLA") -> Within SLA
A12: QKL-49133006 | B12: Kassie Elman | C12: Very Negative | D12: 4 | E12: 45294 | F12: Billing Question | G12: Charleston | H12: South Carolina | I12: Web | J12: Within SLA | K12: 6 | L12: Baltimore/MD | M12: =TEXT(E12,"mmm") -> Jan | N12: =IF(OR(C12="Positive",C12="Very Positive"),"Positive",IF(OR(C12="Negative",C12="Very Negative"),"Negative","Neutral")) -> Negative | O12: =IF(D12<=4,"Low", IF(D12<=7,"Medium","High")) -> Low | P12: =IF(K12<=15,"Short", IF(K12<=30,"Medium","Long")) -> Short | Q12: =IF(J12="Within SLA","Within SLA","Above SLA") -> Within SLA
A13: ZPZ-31710059 | B13: Elbertina Hewins | C13: Very Positive | D13: 10 | E13: 45294 | F13: Payments | G13: Pensacola | H13: Florida | I13: Call-Center | J13: Within SLA | K13: 9 | L13: Los Angeles/CA | M13: =TEXT(E13,"mmm") -> Jan | N13: =IF(OR(C13="Positive",C13="Very Positive"),"Positive",IF(OR(C13="Negative",C13="Very Negative"),"Negative","Neutral")) -> Positive | O13: =IF(D13<=4,"Low", IF(D13<=7,"Medium","High")) -> High | P13: =IF(K13<=15,"Short", IF(K13<=30,"Medium","Long")) -> Short | Q13: =IF(J13="Within SLA","Within SLA","Above SLA") -> Within SLA
A14: IJF-13083880 | B14: Garland Chuney | C14: Negative | D14: 3 | E14: 45295 | F14: Billing Question | G14: Little Rock | H14: Arkansas | I14: Call-Center | J14: Within SLA | K14: 15 | L14: Baltimore/MD | M14: =TEXT(E14,"mmm") -> Jan | N14: =IF(OR(C14="Positive",C14="Very Positive"),"Positive",IF(OR(C14="Negative",C14="Very Negative"),"Negative","Neutral")) -> Negative | O14: =IF(D14<=4,"Low", IF(D14<=7,"Medium","High")) -> Low | P14: =IF(K14<=15,"Short", IF(K14<=30,"Medium","Long")) -> Short | Q14: =IF(J14="Within SLA","Within SLA","Above SLA") -> Within SLA
A15: ZKW-68562847 | B15: Caroljean Bischop | C15: Negative | D15: 3 | E15: 45295 | F15: Billing Question | G15: Nashville | H15: Tennessee | I15: Web | J15: Within SLA | K15: 12 | L15: Los Angeles/CA | M15: =TEXT(E15,"mmm") -> Jan | N15: =IF(OR(C15="Positive",C15="Very Positive"),"Positive",IF(OR(C15="Negative",C15="Very Negative"),"Negative","Neutral")) -> Negative | O15: =IF(D15<=4,"Low", IF(D15<=7,"Medium","High")) -> Low | P15: =IF(K15<=15,"Short", IF(K15<=30,"Medium","Long")) -> Short | Q15: =IF(J15="Within SLA","Within SLA","Above SLA") -> Within SLA
A16: NIL-47926257 | B16: Delmor McKleod | C16: Negative | D16: 6 | E16: 45296 | F16: Billing Question | G16: El Paso | H16: Texas | I16: Web | J16: Within SLA | K16: 42 | L16: Los Angeles/CA | M16: =TEXT(E16,"mmm") -> Jan | N16: =IF(OR(C16="Positive",C16="Very Positive"),"Positive",IF(OR(C16="Negative",C16="Very Negative"),"Negative","Neutral")) -> Negative | O16: =IF(D16<=4,"Low", IF(D16<=7,"Medium","High")) -> Medium | P16: =IF(K16<=15,"Short", IF(K16<=30,"Medium","Long")) -> Long | Q16: =IF(J16="Within SLA","Within SLA","Above SLA") -> Within SLA
A17: BPQ-80812775 | B17: Julee O'Gavin | C17: Negative | D17: 3 | E17: 45296 | F17: Billing Question | G17: Santa Ana | H17: California | I17: Chatbot | J17: Above SLA | K17: 44 | L17: Baltimore/MD | M17: =TEXT(E17,"mmm") -> Jan | N17: =IF(OR(C17="Positive",C17="Very Positive"),"Positive",IF(OR(C17="Negative",C17="Very Negative"),"Negative","Neutral")) -> Negative | O17: =IF(D17<=4,"Low", IF(D17<=7,"Medium","High")) -> Low | P17: =IF(K17<=15,"Short", IF(K17<=30,"Medium","Long")) -> Long | Q17: =IF(J17="Within SLA","Within SLA","Above SLA") -> Above SLA
A18: ZOK-34480332 | B18: Jaye Gribbon | C18: Neutral | D18: 7 | E18: 45297 | F18: Billing Question | G18: Huntington | H18: West Virginia | I18: Chatbot | J18: Within SLA | K18: 29 | L18: Baltimore/MD | M18: =TEXT(E18,"mmm") -> Jan | N18: =IF(OR(C18="Positive",C18="Very Positive"),"Positive",IF(OR(C18="Negative",C18="Very Negative"),"Negative","Neutral")) -> Neutral | O18: =IF(D18<=4,"Low", IF(D18<=7,"Medium","High")) -> Medium | P18: =IF(K18<=15,"Short", IF(K18<=30,"Medium","Long")) -> Medium | Q18: =IF(J18="Within SLA","Within SLA","Above SLA") -> Within SLA
... A76: CRQ-64410572 | B76: Bat Pond | C76: Negative | D76: 5 | E76: 45322 | F76: Service Outage | G76: New York City | H76: New York | I76: Chatbot | J76: Below SLA | K76: 35 | L76: Los Angeles/CA | M76: =TEXT(E76,"mmm") -> Jan | N76: =IF(OR(C76="Positive",C76="Very Positive"),"Positive",IF(OR(C76="Negative",C76="Very Negative"),"Negative","Neutral")) -> Negative | O76: =IF(D76<=4,"Low", IF(D76<=7,"Medium","High")) -> Medium | P76: =IF(K76<=15,"Short", IF(K76<=30,"Medium","Long")) -> Long | Q76: =IF(J76="Within SLA","Within SLA","Above SLA") -> Above SLA

Sheet Analysis
A1: Call Center Sentiment & Customer Satisfaction Analysis
A6: Sentiment | B6: Calls | D6: Reason | E6: Calls | I6: Call TimeStamp | J6: Calls | L6: State | M6: Calls
A7: Negative | B7: 44 | D7: Service Outage | E7: 8 | I7: 01-Jan | J7: 2 | L7: Alabama | M7: 2
A8: Neutral | B8: 9 | D8: Payments | E8: 12 | I8: 02-Jan | J8: 3 | L8: Arizona | M8: 1
A9: Positive | B9: 17 | D9: Billing Question | E9: 50 | I9: 03-Jan | J9: 2 | L9: Arkansas | M9: 2
A10: Grand Total | B10: 70 | D10: Grand Total | E10: 70 | I10: 04-Jan | J10: 2 | L10: California | M10: 9
I11: 05-Jan | J11: 2 | L11: Colorado | M11: 1
A12: Channel | B12: Average CSAT | D12: Sentiment | E12: Calls | F12: Avg CSAT | G12: Avg Duration | I12: 06-Jan | J12: 2 | L12: District of Columbia | M12: 2
A13: Call-Center | B13: 5.6956522 | D13: Negative | E13: 29 | F13: 4.1724138 | G13: 27.689655 | I13: 07-Jan | J13: 2 | L13: Florida | M13: 7
A14: Email | B14: 5.5 | D14: Neutral | E14: 9 | F14: 7 | G14: 20.444444 | I14: 08-Jan | J14: 4 | L14: Georgia | M14: 1
A15: Web | B15: 5.4117647 | D15: Positive | E15: 10 | F15: 7.7 | G15: 24.5 | I15: 09-Jan | J15: 2 | L15: Hawaii | M15: 1
A16: Chatbot | B16: 4.8181818 | D16: Very Negative | E16: 15 | F16: 3.0666667 | G16: 29.133333 | I16: 10-Jan | J16: 2 | L16: Illinois | M16: 5
A17: Grand Total | B17: 5.3285714 | D17: Very Positive | E17: 7 | F17: 9.4285714 | G17: 24.142857 | I17: 11-Jan | J17: 2 | L17: Indiana | M17: 2
D18: Grand Total | E18: 70 | F18: 5.3285714 | G18: 26.257143 | I18: 12-Jan | J18: 2 | L18: Iowa | M18: 1
I19: 13-Jan | J19: 2 | L19: Kansas | M19: 1
A20: Call Center | B20: Avg CSAT | D20: SLA Status | E20: Avg CSAT | I20: 14-Jan | J20: 2 | L20: Louisiana | M20: 1
A21: Los Angeles/CA | B21: 6 | D21: Above SLA | E21: 4.5882353 | I21: 15-Jan | J21: 2 | L21: Michigan | M21: 1
A22: Baltimore/MD | B22: 5.1481481 | D22: Within SLA | E22: 5.5660377 | I22: 16-Jan | J22: 2 | L22: Minnesota | M22: 4
A23: Chicago/IL | B23: 4.7142857 | D23: Grand Total | E23: 5.3285714 | I23: 17-Jan | J23: 2 | L23: Missouri | M23: 1
A24: Denver/CO | B24: 3.5 | I24: 18-Jan | J24: 2 | L24: Nevada | M24: 2
A25: Grand Total | B25: 5.3285714 | I25: 19-Jan | J25: 2 | L25: New York | M25: 3
I26: 20-Jan | J26: 2 | L26: Ohio | M26: 1
I27: 21-Jan | J27: 2 | L27: Pennsylvania | M27: 4
I28: 22-Jan | J28: 2 | L28: Rhode Island | M28: 1
I29: 23-Jan | J29: 2 | L29: South Carolina | M29: 1
I30: 24-Jan | J30: 4 | L30: Tennessee | M30: 1
I31: 25-Jan | J31: 2 | L31: Texas | M31: 9
I32: 26-Jan | J32: 2 | L32: Utah | M32: 2
I33: 27-Jan | J33: 2 | L33: Virginia | M33: 1
I34: 28-Jan | J34: 2 | L34: West Virginia | M34: 2
I35: 29-Jan | J35: 5 | L35: Wisconsin | M35: 1
I36: 30-Jan | J36: 2 | L36: Grand Total | M36: 70
I37: 31-Jan | J37: 2
I38: Grand Total | J38: 70

Sheet Visualization
A1: Call Center Sentiment & Customer Satisfication - Visualization
A5: Sentiment | B5: Calls | K5: Reason | L5: Calls | M5: Avg Duration | W5: Call TimeStamp | X5: Calls | AI5: State | AJ5: Calls
A6: Negative | B6: 44 | K6: Service Outage | L6: 8 | M6: 31.625 | W6: 01-Jan | X6: 2 | AI6: California | AJ6: 9
A7: Neutral | B7: 9 | K7: Billing Question | L7: 50 | M7: 26.98 | W7: 02-Jan | X7: 3 | AI7: Texas | AJ7: 9
A8: Positive | B8: 17 | K8: Payments | L8: 12 | M8: 19.666667 | W8: 03-Jan | X8: 2 | AI8: Florida | AJ8: 7
A9: Grand Total | B9: 70 | K9: Grand Total | L9: 70 | M9: 26.257143 | W9: 04-Jan | X9: 2 | AI9: Illinois | AJ9: 5
W10: 05-Jan | X10: 2 | AI10: Pennsylvania | AJ10: 4
W11: 06-Jan | X11: 2 | AI11: Minnesota | AJ11: 4
W12: 07-Jan | X12: 2 | AI12: New York | AJ12: 3
W13: 08-Jan | X13: 4 | AI13: Nevada | AJ13: 2
W14: 09-Jan | X14: 2 | AI14: Alabama | AJ14: 2
W15: 10-Jan | X15: 2 | AI15: District of Columbia | AJ15: 2
W16: 11-Jan | X16: 2 | AI16: West Virginia | AJ16: 2
W17: 12-Jan | X17: 2 | AI17: Indiana | AJ17: 2
W18: 13-Jan | X18: 2 | AI18: Arkansas | AJ18: 2
A19: Channel | B19: Average CSAT | K19: SLA Status | L19: Calls | M19: Avg CSAT | W19: 14-Jan | X19: 2 | AI19: Utah | AJ19: 2
A20: Call-Center | B20: 5.6956522 | K20: Above SLA | L20: 17 | M20: 4.5882353 | W20: 15-Jan | X20: 2 | AI20: Rhode Island | AJ20: 1
A21: Chatbot | B21: 4.8181818 | K21: Within SLA | L21: 53 | M21: 5.5660377 | W21: 16-Jan | X21: 2 | AI21: Ohio | AJ21: 1
A22: Email | B22: 5.5 | K22: Grand Total | L22: 70 | M22: 5.3285714 | W22: 17-Jan | X22: 2 | AI22: Arizona | AJ22: 1
A23: Web | B23: 5.4117647 | W23: 18-Jan | X23: 2 | AI23: Colorado | AJ23: 1
A24: Grand Total | B24: 5.3285714 | W24: 19-Jan | X24: 2 | AI24: Hawaii | AJ24: 1
W25: 20-Jan | X25: 2 | AI25: Missouri | AJ25: 1
W26: 21-Jan | X26: 2 | AI26: South Carolina | AJ26: 1
W27: 22-Jan | X27: 2 | AI27: Tennessee | AJ27: 1
W28: 23-Jan | X28: 2 | AI28: Georgia | AJ28: 1
W29: 24-Jan | X29: 4 | AI29: Iowa | AJ29: 1
W30: 25-Jan | X30: 2 | AI30: Virginia | AJ30: 1
W31: 26-Jan | X31: 2 | AI31: Kansas | AJ31: 1
A32: Call Center | B32: Avg CSAT | K32: Sentiment | L32: Calls | M32: Avg CSAT | N32: Avg Duration | W32: 27-Jan | X32: 2 | AI32: Wisconsin | AJ32: 1
A33: Los Angeles/CA | B33: 6 | K33: Negative | L33: 29 | M33: 4.1724138 | N33: 27.689655 | W33: 28-Jan | X33: 2 | AI33: Louisiana | AJ33: 1
A34: Baltimore/MD | B34: 5.1481481 | K34: Neutral | L34: 9 | M34: 7 | N34: 20.444444 | W34: 29-Jan | X34: 5 | AI34: Michigan | AJ34: 1
A35: Chicago/IL | B35: 4.7142857 | K35: Positive | L35: 10 | M35: 7.7 | N35: 24.5 | W35: 30-Jan | X35: 2 | AI35: Grand Total | AJ35: 70
A36: Denver/CO | B36: 3.5 | K36: Very Negative | L36: 15 | M36: 3.0666667 | N36: 29.133333 | W36: 31-Jan | X36: 2
A37: Grand Total | B37: 5.3285714 | K37: Very Positive | L37: 7 | M37: 9.4285714 | N37: 24.142857 | W37: Grand Total | X37: 70
K38: Grand Total | L38: 70 | M38: 5.3285714 | N38: 26.257143

Sheet Dashboard
A1: Call Center Sentiment & Customer Satisfaction Analysis
C6: Total Calls | G6: Avg CSAT | J6: Negative Sentiment | N6: WithinSLA | S6: Avg Call Duration
C8: =GETPIVOTDATA("Calls",Analysis!D12) -> 70 | G8: =GETPIVOTDATA("Avg CSAT",Analysis!D12) -> 5.3285714 | J8: =IFERROR((GETPIVOTDATA("Calls",Analysis!D12,"Sentiment","Negative")+GETPIVOTDATA("Calls",Analysis!D12,"Sentiment","Very Negative"))/GETPIVOTDATA("Calls",Analysis!D12),0) -> 0.62857143 | N8: =IFERROR(GETPIVOTDATA("Calls", Visualization!K19,"SLA Status","Within SLA")/GETPIVOTDATA("Calls",Visualization!K19),0) -> 0.75714286 | S8: =GETPIVOTDATA("Avg Duration",Analysis!D12) -> 26.257143
